id,close_approach_date,epoch_date_close_approach,relative_velocity,miss_distance,orbiting_body,asteroid_near_earth_object_neo_reference_id,created_at,updated_at
7676,1900-12-27,-2177856000000,"{""miles_per_hour"": ""12478.8061141627"", ""kilometers_per_hour"": ""20083.0175738682"", ""kilometers_per_second"": ""5.5786159927""}","{""lunar"": ""122.5075683594"", ""miles"": ""29274524"", ""kilometers"": ""47112780"", ""astronomical"": ""0.3149294921""}",Earth,2000433,2017-07-29 19:29:14.976306,2017-07-29 19:29:14.976306
7677,1907-11-05,-1961510400000,"{""miles_per_hour"": ""9830.0436705239"", ""kilometers_per_hour"": ""15820.1784674711"", ""kilometers_per_second"": ""4.3944940187""}","{""lunar"": ""183.4079437256"", ""miles"": ""43827336"", ""kilometers"": ""70533264"", ""astronomical"": ""0.4714857293""}",Earth,2000433,2017-07-29 19:29:14.983285,2017-07-29 19:29:14.983285
7678,1917-04-20,-1663084800000,"{""miles_per_hour"": ""10774.6543811812"", ""kilometers_per_hour"": ""17340.4067111862"", ""kilometers_per_second"": ""4.816779642""}","{""lunar"": ""194.2109985352"", ""miles"": ""46408844"", ""kilometers"": ""74687792"", ""astronomical"": ""0.499257058""}",Earth,2000433,2017-07-29 19:29:14.992803,2017-07-29 19:29:14.992803
7679,1924-03-05,-1446134400000,"{""miles_per_hour"": ""10280.9363863726"", ""kilometers_per_hour"": ""16545.8317273644"", ""kilometers_per_second"": ""4.5960643687""}","{""lunar"": ""139.9568481445"", ""miles"": ""33444220"", ""kilometers"": ""53823256"", ""astronomical"": ""0.3597862528""}",Earth,2000433,2017-07-29 19:29:14.999194,2017-07-29 19:29:14.999194
7680,1931-01-30,-1228233600000,"{""miles_per_hour"": ""13244.2819405509"", ""kilometers_per_hour"": ""21314.9514891069"", ""kilometers_per_second"": ""5.9208198581""}","{""lunar"": ""67.7144165039"", ""miles"": ""16181100"", ""kilometers"": ""26040956"", ""astronomical"": ""0.174073035""}",Earth,2000433,2017-07-29 19:29:15.006409,2017-07-29 19:29:15.006409
7681,1938-01-13,-1008777600000,"{""miles_per_hour"": ""13609.4217337351"", ""kilometers_per_hour"": ""21902.5965583827"", ""kilometers_per_second"": ""6.0840545996""}","{""lunar"": ""83.6371307373"", ""miles"": ""19986008"", ""kilometers"": ""32164362"", ""astronomical"": ""0.2150054736""}",Earth,2000433,2017-07-29 19:29:15.012718,2017-07-29 19:29:15.012718
7682,1944-11-27,-791917200000,"{""miles_per_hour"": ""8111.2222603837"", ""kilometers_per_hour"": ""13053.9586648404"", ""kilometers_per_second"": ""3.6260996291""}","{""lunar"": ""156.7705841064"", ""miles"": ""37462048"", ""kilometers"": ""60289320"", ""astronomical"": ""0.4030092196""}",Earth,2000433,2017-07-29 19:29:15.019349,2017-07-29 19:29:15.019349
7683,1961-04-04,-275932800000,"{""miles_per_hour"": ""8294.0566435417"", ""kilometers_per_hour"": ""13348.206856252"", ""kilometers_per_second"": ""3.7078352378""}","{""lunar"": ""172.12940979"", ""miles"": ""41132204"", ""kilometers"": ""66195868"", ""astronomical"": ""0.4424920423""}",Earth,2000433,2017-07-29 19:29:15.025798,2017-07-29 19:29:15.025798
7684,1968-02-11,-59587200000,"{""miles_per_hour"": ""13571.020180801"", ""kilometers_per_hour"": ""21840.7942468969"", ""kilometers_per_second"": ""6.0668872908""}","{""lunar"": ""103.5795440674"", ""miles"": ""24751466"", ""kilometers"": ""39833624"", ""astronomical"": ""0.2662713107""}",Earth,2000433,2017-07-29 19:29:15.032161,2017-07-29 19:29:15.032161
7685,1975-01-23,159696000000,"{""miles_per_hour"": ""13030.6355830433"", ""kilometers_per_hour"": ""20971.1154271339"", ""kilometers_per_second"": ""5.8253098409""}","{""lunar"": ""58.791229248"", ""miles"": ""14048808"", ""kilometers"": ""22609364"", ""astronomical"": ""0.1511342649""}",Earth,2000433,2017-07-29 19:29:15.038426,2017-07-29 19:29:15.038426
7686,1981-12-29,378460800000,"{""miles_per_hour"": ""12672.6495343642"", ""kilometers_per_hour"": ""20394.9833804422"", ""kilometers_per_second"": ""5.6652731612""}","{""lunar"": ""120.0023727417"", ""miles"": ""28675880"", ""kilometers"": ""46149356"", ""astronomical"": ""0.3084893877""}",Earth,2000433,2017-07-29 19:29:15.044848,2017-07-29 19:29:15.044848
7687,1988-11-06,594806400000,"{""miles_per_hour"": ""9631.8715361331"", ""kilometers_per_hour"": ""15501.2461576642"", ""kilometers_per_second"": ""4.3059017105""}","{""lunar"": ""181.9120483398"", ""miles"": ""43469876"", ""kilometers"": ""69957984"", ""astronomical"": ""0.4676402356""}",Earth,2000433,2017-07-29 19:29:15.051358,2017-07-29 19:29:15.051358
7688,2005-03-08,1110268800000,"{""miles_per_hour"": ""9869.8630305064"", ""kilometers_per_hour"": ""15884.262555243"", ""kilometers_per_second"": ""4.4122951542""}","{""lunar"": ""142.2056732178"", ""miles"": ""33981600"", ""kilometers"": ""54688084"", ""astronomical"": ""0.3655672575""}",Earth,2000433,2017-07-29 19:29:15.059664,2017-07-29 19:29:15.059664
7689,2012-01-31,1327996800000,"{""miles_per_hour"": ""13298.8134843846"", ""kilometers_per_hour"": ""21402.7129258279"", ""kilometers_per_second"": ""5.945198035""}","{""lunar"": ""69.5049285889"", ""miles"": ""16608963"", ""kilometers"": ""26729536"", ""astronomical"": ""0.1786758987""}",Earth,2000433,2017-07-29 19:29:15.066101,2017-07-29 19:29:15.066101
7690,2019-01-15,1547539200000,"{""miles_per_hour"": ""13521.8797036226"", ""kilometers_per_hour"": ""21761.7090317142"", ""kilometers_per_second"": ""6.0449191755""}","{""lunar"": ""81.1448745728"", ""miles"": ""19390456"", ""kilometers"": ""31205916"", ""astronomical"": ""0.2085986532""}",Earth,2000433,2017-07-29 19:29:15.072613,2017-07-29 19:29:15.072613
7691,2025-11-30,1764489600000,"{""miles_per_hour"": ""8341.0736487403"", ""kilometers_per_hour"": ""13423.8746191001"", ""kilometers_per_second"": ""3.7288540609""}","{""lunar"": ""154.6848449707"", ""miles"": ""36963636"", ""kilometers"": ""59487208"", ""astronomical"": ""0.3976474073""}",Earth,2000433,2017-07-29 19:29:15.078951,2017-07-29 19:29:15.078951
7692,2042-04-06,2280380400000,"{""miles_per_hour"": ""8332.9576567573"", ""kilometers_per_hour"": ""13410.8129841862"", ""kilometers_per_second"": ""3.7252258289""}","{""lunar"": ""173.5491638184"", ""miles"": ""41471472"", ""kilometers"": ""66741864"", ""astronomical"": ""0.4461418235""}",Earth,2000433,2017-07-29 19:29:15.085313,2017-07-29 19:29:15.085313
7693,2049-02-12,2496729600000,"{""miles_per_hour"": ""13553.5241342911"", ""kilometers_per_hour"": ""21812.6366325933"", ""kilometers_per_second"": ""6.0590657313""}","{""lunar"": ""106.0240859985"", ""miles"": ""25335616"", ""kilometers"": ""40773724"", ""astronomical"": ""0.2725555117""}",Earth,2000433,2017-07-29 19:29:15.091607,2017-07-29 19:29:15.091607
7694,2056-01-24,2715926400000,"{""miles_per_hour"": ""13020.4576935247"", ""kilometers_per_hour"": ""20954.7354359555"", ""kilometers_per_second"": ""5.8207598433""}","{""lunar"": ""58.2652816772"", ""miles"": ""13923126"", ""kilometers"": ""22407100"", ""astronomical"": ""0.1497822095""}",Earth,2000433,2017-07-29 19:29:15.097942,2017-07-29 19:29:15.097942
7695,2062-12-31,2934777600000,"{""miles_per_hour"": ""12822.4664334801"", ""kilometers_per_hour"": ""20636.0942199153"", ""kilometers_per_second"": ""5.7322483944""}","{""lunar"": ""117.8488464355"", ""miles"": ""28161272"", ""kilometers"": ""45321172"", ""astronomical"": ""0.3029533294""}",Earth,2000433,2017-07-29 19:29:15.104249,2017-07-29 19:29:15.104249
7696,2069-11-08,3151123200000,"{""miles_per_hour"": ""9496.5678194667"", ""kilometers_per_hour"": ""15283.4924002325"", ""kilometers_per_second"": ""4.2454145556""}","{""lunar"": ""180.7792205811"", ""miles"": ""43199176"", ""kilometers"": ""69522336"", ""astronomical"": ""0.4647280927""}",Earth,2000433,2017-07-29 19:29:15.110583,2017-07-29 19:29:15.110583
7697,2086-03-11,3666668400000,"{""miles_per_hour"": ""9452.8283688558"", ""kilometers_per_hour"": ""15213.0994357731"", ""kilometers_per_second"": ""4.2258609544""}","{""lunar"": ""144.4396972656"", ""miles"": ""34515448"", ""kilometers"": ""55547228"", ""astronomical"": ""0.3713102892""}",Earth,2000433,2017-07-29 19:29:15.116908,2017-07-29 19:29:15.116908
7698,2093-01-31,3884227200000,"{""miles_per_hour"": ""13365.2906347962"", ""kilometers_per_hour"": ""21509.6992647263"", ""kilometers_per_second"": ""5.9749164624""}","{""lunar"": ""70.978553772"", ""miles"": ""16961102"", ""kilometers"": ""27296248"", ""astronomical"": ""0.1824641567""}",Earth,2000433,2017-07-29 19:29:15.123667,2017-07-29 19:29:15.123667
7699,2100-01-16,4103769600000,"{""miles_per_hour"": ""13454.7761664424"", ""kilometers_per_hour"": ""21653.7146046728"", ""kilometers_per_second"": ""6.0149207235""}","{""lunar"": ""79.3088760376"", ""miles"": ""18951724"", ""kilometers"": ""30499844"", ""astronomical"": ""0.203878867""}",Earth,2000433,2017-07-29 19:29:15.1299,2017-07-29 19:29:15.1299
7700,2106-12-04,4320892800000,"{""miles_per_hour"": ""8618.8587294634"", ""kilometers_per_hour"": ""13870.9336251367"", ""kilometers_per_second"": ""3.8530371181""}","{""lunar"": ""152.6011962891"", ""miles"": ""36465724"", ""kilometers"": ""58685896"", ""astronomical"": ""0.39229098""}",Earth,2000433,2017-07-29 19:29:15.136256,2017-07-29 19:29:15.136256
7701,2123-04-10,4836783600000,"{""miles_per_hour"": ""8396.7137020409"", ""kilometers_per_hour"": ""13513.4200578244"", ""kilometers_per_second"": ""3.7537277938""}","{""lunar"": ""174.9345092773"", ""miles"": ""41802516"", ""kilometers"": ""67274624"", ""astronomical"": ""0.4497030912""}",Earth,2000433,2017-07-29 19:29:15.14382,2017-07-29 19:29:15.14382
7702,2130-02-14,5052960000000,"{""miles_per_hour"": ""13506.8147063232"", ""kilometers_per_hour"": ""21737.463875347"", ""kilometers_per_second"": ""6.0381844098""}","{""lunar"": ""108.2061767578"", ""miles"": ""25857050"", ""kilometers"": ""41612888"", ""astronomical"": ""0.2781649858""}",Earth,2000433,2017-07-29 19:29:15.152169,2017-07-29 19:29:15.152169
7703,2137-01-25,5272156800000,"{""miles_per_hour"": ""13005.9584471216"", ""kilometers_per_hour"": ""20931.4007821707"", ""kilometers_per_second"": ""5.814277995""}","{""lunar"": ""58.1408462524"", ""miles"": ""13893391"", ""kilometers"": ""22359246"", ""astronomical"": ""0.1494623335""}",Earth,2000433,2017-07-29 19:29:15.159119,2017-07-29 19:29:15.159119
7704,2144-01-03,5491094400000,"{""miles_per_hour"": ""12961.4057938854"", ""kilometers_per_hour"": ""20859.6990737125"", ""kilometers_per_second"": ""5.7943608538""}","{""lunar"": ""115.3696060181"", ""miles"": ""27568830"", ""kilometers"": ""44367732"", ""astronomical"": ""0.2965799536""}",Earth,2000433,2017-07-29 19:29:15.165881,2017-07-29 19:29:15.165881
7705,2150-11-12,5707526400000,"{""miles_per_hour"": ""9337.9348579482"", ""kilometers_per_hour"": ""15028.1932534372"", ""kilometers_per_second"": ""4.174498126""}","{""lunar"": ""179.3074035645"", ""miles"": ""42847464"", ""kilometers"": ""68956312"", ""astronomical"": ""0.4609444721""}",Earth,2000433,2017-07-29 19:29:15.177258,2017-07-29 19:29:15.177258
7706,2167-03-16,6223158000000,"{""miles_per_hour"": ""9006.3070871185"", ""kilometers_per_hour"": ""14494.4814312784"", ""kilometers_per_second"": ""4.026244842""}","{""lunar"": ""146.8219146729"", ""miles"": ""35084704"", ""kilometers"": ""56463356"", ""astronomical"": ""0.377434227""}",Earth,2000433,2017-07-29 19:29:15.185755,2017-07-29 19:29:15.185755
7707,2174-02-03,6440544000000,"{""miles_per_hour"": ""13433.8076375756"", ""kilometers_per_hour"": ""21619.9684810552"", ""kilometers_per_second"": ""6.0055468003""}","{""lunar"": ""73.2878952026"", ""miles"": ""17512944"", ""kilometers"": ""28184352"", ""astronomical"": ""0.18840076""}",Earth,2000433,2017-07-29 19:29:15.192805,2017-07-29 19:29:15.192805
7708,2181-01-17,6660000000000,"{""miles_per_hour"": ""13398.6712488947"", ""kilometers_per_hour"": ""21563.4210273239"", ""kilometers_per_second"": ""5.9898391743""}","{""lunar"": ""77.0260314941"", ""miles"": ""18406212"", ""kilometers"": ""29621928"", ""astronomical"": ""0.1980103557""}",Earth,2000433,2017-07-29 19:29:15.199944,2017-07-29 19:29:15.199944
7709,2187-12-06,6877209600000,"{""miles_per_hour"": ""8910.4518897527"", ""kilometers_per_hour"": ""14340.2149417094"", ""kilometers_per_second"": ""3.9833930394""}","{""lunar"": ""150.6648406982"", ""miles"": ""36003012"", ""kilometers"": ""57941232"", ""astronomical"": ""0.3873132318""}",Earth,2000433,2017-07-29 19:29:15.20665,2017-07-29 19:29:15.20665
7710,1902-06-11,-2131977600000,"{""miles_per_hour"": ""60414.4473922575"", ""kilometers_per_hour"": ""97229.2058706812"", ""kilometers_per_second"": ""27.0081127419""}","{""lunar"": ""32.8636245728"", ""miles"": ""7853123"", ""kilometers"": ""12638376"", ""astronomical"": ""0.0844823248""}",Earth,2001566,2017-07-29 19:29:15.228049,2017-07-29 19:29:15.228049
7711,1906-09-01,-1998662400000,"{""miles_per_hour"": ""56262.4303460702"", ""kilometers_per_hour"": ""90547.0737385903"", ""kilometers_per_second"": ""25.1519649274""}","{""lunar"": ""150.1764068604"", ""miles"": ""35886296"", ""kilometers"": ""57753396"", ""astronomical"": ""0.3860576242""}",Earth,2001566,2017-07-29 19:29:15.234302,2017-07-29 19:29:15.234302
7712,1911-06-08,-1848240000000,"{""miles_per_hour"": ""48034.6730712887"", ""kilometers_per_hour"": ""77305.5671047607"", ""kilometers_per_second"": ""21.4737686402""}","{""lunar"": ""130.7758331299"", ""miles"": ""31250318"", ""kilometers"": ""50292512"", ""astronomical"": ""0.3361846798""}",Earth,2001566,2017-07-29 19:29:15.240829,2017-07-29 19:29:15.240829
7713,1912-06-26,-1815062400000,"{""miles_per_hour"": ""85747.8311954966"", ""kilometers_per_hour"": ""137999.9965594295"", ""kilometers_per_second"": ""38.3333323776""}","{""lunar"": ""119.4434051514"", ""miles"": ""28542310"", ""kilometers"": ""45934396"", ""astronomical"": ""0.3070524543""}",Earth,2001566,2017-07-29 19:29:15.247302,2017-07-29 19:29:15.247302
7714,1914-08-09,-1748188800000,"{""miles_per_hour"": ""95956.7034954494"", ""kilometers_per_hour"": ""154429.8505000751"", ""kilometers_per_second"": ""42.8971806945""}","{""lunar"": ""38.6620826721"", ""miles"": ""9238727"", ""kilometers"": ""14868291"", ""astronomical"": ""0.0993883848""}",Merc,2001566,2017-07-29 19:29:15.254463,2017-07-29 19:29:15.254463
7715,1915-08-21,-1715616000000,"{""miles_per_hour"": ""74417.0808721772"", ""kilometers_per_hour"": ""119764.6256604399"", ""kilometers_per_second"": ""33.2679515723""}","{""lunar"": ""157.1016082764"", ""miles"": ""37541148"", ""kilometers"": ""60416624"", ""astronomical"": ""0.4038601791""}",Earth,2001566,2017-07-29 19:29:15.261848,2017-07-29 19:29:15.261848
7716,1921-06-15,-1532016000000,"{""miles_per_hour"": ""67557.2940888234"", ""kilometers_per_hour"": ""108724.6898474515"", ""kilometers_per_second"": ""30.2013027354""}","{""lunar"": ""22.2712688446"", ""miles"": ""5321963.5"", ""kilometers"": ""8564870"", ""astronomical"": ""0.0572526199""}",Earth,2001566,2017-07-29 19:29:15.271746,2017-07-29 19:29:15.271746
7717,1925-09-05,-1398700800000,"{""miles_per_hour"": ""49000.0531433248"", ""kilometers_per_hour"": ""78859.2209378915"", ""kilometers_per_second"": ""21.9053391494""}","{""lunar"": ""169.5650024414"", ""miles"": ""40519416"", ""kilometers"": ""65209676"", ""astronomical"": ""0.4358997678""}",Earth,2001566,2017-07-29 19:29:15.279956,2017-07-29 19:29:15.279956
7718,1928-02-18,-1321286400000,"{""miles_per_hour"": ""68103.4423816381"", ""kilometers_per_hour"": ""109603.6445857648"", ""kilometers_per_second"": ""30.4454568294""}","{""lunar"": ""51.8151664734"", ""miles"": ""12381801"", ""kilometers"": ""19926578"", ""astronomical"": ""0.1332009476""}",Venus,2001566,2017-07-29 19:29:15.286508,2017-07-29 19:29:15.286508
7719,1930-06-08,-1248624000000,"{""miles_per_hour"": ""52717.8977714258"", ""kilometers_per_hour"": ""84842.6089575452"", ""kilometers_per_second"": ""23.5673913771""}","{""lunar"": ""85.5980987549"", ""miles"": ""20454602"", ""kilometers"": ""32918492"", ""astronomical"": ""0.2200465248""}",Earth,2001566,2017-07-29 19:29:15.292897,2017-07-29 19:29:15.292897
7720,1931-07-02,-1215014400000,"{""miles_per_hour"": ""94571.9614924098"", ""kilometers_per_hour"": ""152201.288109739"", ""kilometers_per_second"": ""42.278135586""}","{""lunar"": ""164.6650390625"", ""miles"": ""39348512"", ""kilometers"": ""63325292"", ""astronomical"": ""0.4233034226""}",Earth,2001566,2017-07-29 19:29:15.299256,2017-07-29 19:29:15.299256
7721,1934-08-27,-1115481600000,"{""miles_per_hour"": ""65749.2900221403"", ""kilometers_per_hour"": ""105814.9421430127"", ""kilometers_per_second"": ""29.3930394842""}","{""lunar"": ""144.7183837891"", ""miles"": ""34582044"", ""kilometers"": ""55654404"", ""astronomical"": ""0.3720267076""}",Earth,2001566,2017-07-29 19:29:15.305662,2017-07-29 19:29:15.305662
7722,1939-06-10,-964454400000,"{""miles_per_hour"": ""45330.2859100183"", ""kilometers_per_hour"": ""72953.2072404068"", ""kilometers_per_second"": ""20.264779789""}","{""lunar"": ""178.2883148193"", ""miles"": ""42603944"", ""kilometers"": ""68564408"", ""astronomical"": ""0.458324737""}",Earth,2001566,2017-07-29 19:29:15.312537,2017-07-29 19:29:15.312537
7723,1939-06-14,-964108800000,"{""miles_per_hour"": ""54869.6721164254"", ""kilometers_per_hour"": ""88305.6102727576"", ""kilometers_per_second"": ""24.5293361869""}","{""lunar"": ""27.9800338745"", ""miles"": ""6686135"", ""kilometers"": ""10760292"", ""astronomical"": ""0.0719281047""}",Mars,2001566,2017-07-29 19:29:15.319577,2017-07-29 19:29:15.319577
7724,1940-06-09,-932918400000,"{""miles_per_hour"": ""71797.3913182856"", ""kilometers_per_hour"": ""115548.5755938254"", ""kilometers_per_second"": ""32.0968265538""}","{""lunar"": ""41.8953590393"", ""miles"": ""10011355"", ""kilometers"": ""16111714"", ""astronomical"": ""0.1077001524""}",Venus,2001566,2017-07-29 19:29:15.328703,2017-07-29 19:29:15.328703
7725,1940-06-20,-931968000000,"{""miles_per_hour"": ""76177.653360188"", ""kilometers_per_hour"": ""122598.0383998734"", ""kilometers_per_second"": ""34.0550106666""}","{""lunar"": ""67.962348938"", ""miles"": ""16240347"", ""kilometers"": ""26136306"", ""astronomical"": ""0.1747104009""}",Earth,2001566,2017-07-29 19:29:15.338292,2017-07-29 19:29:15.338292
7726,1943-08-15,-832525200000,"{""miles_per_hour"": ""84152.8039995799"", ""kilometers_per_hour"": ""135433.007465013"", ""kilometers_per_second"": ""37.6202798514""}","{""lunar"": ""183.7294464111"", ""miles"": ""43904164"", ""kilometers"": ""70656904"", ""astronomical"": ""0.4723122212""}",Earth,2001566,2017-07-29 19:29:15.344438,2017-07-29 19:29:15.344438
7727,1949-04-19,-653328000000,"{""miles_per_hour"": ""79783.4267492352"", ""kilometers_per_hour"": ""128401.0623171562"", ""kilometers_per_second"": ""35.6669617548""}","{""lunar"": ""35.7928237915"", ""miles"": ""8553087"", ""kilometers"": ""13764859"", ""astronomical"": ""0.0920123972""}",Merc,2001566,2017-07-29 19:29:15.350991,2017-07-29 19:29:15.350991
7728,1949-06-11,-648748800000,"{""miles_per_hour"": ""59392.9893686305"", ""kilometers_per_hour"": ""95585.3018584067"", ""kilometers_per_second"": ""26.5514727384""}","{""lunar"": ""38.3937110901"", ""miles"": ""9174598"", ""kilometers"": ""14765084"", ""astronomical"": ""0.0986984863""}",Earth,2001566,2017-07-29 19:29:15.357388,2017-07-29 19:29:15.357388
7729,1952-09-29,-544550400000,"{""miles_per_hour"": ""75325.0651840751"", ""kilometers_per_hour"": ""121225.9084727393"", ""kilometers_per_second"": ""33.6738634646""}","{""lunar"": ""35.6535072327"", ""miles"": ""8519795"", ""kilometers"": ""13711282"", ""astronomical"": ""0.0916542548""}",Venus,2001566,2017-07-29 19:29:15.365612,2017-07-29 19:29:15.365612
7730,1953-09-01,-515437200000,"{""miles_per_hour"": ""57389.4505731685"", ""kilometers_per_hour"": ""92360.8664059219"", ""kilometers_per_second"": ""25.6557962239""}","{""lunar"": ""148.1222991943"", ""miles"": ""35395444"", ""kilometers"": ""56963448"", ""astronomical"": ""0.3807771169""}",Earth,2001566,2017-07-29 19:29:15.372196,2017-07-29 19:29:15.372196
7731,1958-06-08,-365014800000,"{""miles_per_hour"": ""47488.057041151"", ""kilometers_per_hour"": ""76425.8596039804"", ""kilometers_per_second"": ""21.2294054456""}","{""lunar"": ""137.3831939697"", ""miles"": ""32829218"", ""kilometers"": ""52833504"", ""astronomical"": ""0.3531701483""}",Earth,2001566,2017-07-29 19:29:15.37857,2017-07-29 19:29:15.37857
7732,1959-06-26,-331923600000,"{""miles_per_hour"": ""84426.7076847097"", ""kilometers_per_hour"": ""135873.819868995"", ""kilometers_per_second"": ""37.7427277414""}","{""lunar"": ""112.3602752686"", ""miles"": ""26849718"", ""kilometers"": ""43210432"", ""astronomical"": ""0.2888439061""}",Earth,2001566,2017-07-29 19:29:15.385162,2017-07-29 19:29:15.385162
7733,1962-08-21,-232390800000,"{""miles_per_hour"": ""75878.0005231165"", ""kilometers_per_hour"": ""122115.7860803878"", ""kilometers_per_second"": ""33.921051689""}","{""lunar"": ""159.8864898682"", ""miles"": ""38206628"", ""kilometers"": ""61487608"", ""astronomical"": ""0.4110192527""}",Earth,2001566,2017-07-29 19:29:15.392605,2017-07-29 19:29:15.392605
7734,1965-01-19,-156182400000,"{""miles_per_hour"": ""77796.8408725627"", ""kilometers_per_hour"": ""125203.9103854556"", ""kilometers_per_second"": ""34.778863996""}","{""lunar"": ""33.8219490051"", ""miles"": ""8082125"", ""kilometers"": ""13006919"", ""astronomical"": ""0.0869458806""}",Venus,2001566,2017-07-29 19:29:15.399218,2017-07-29 19:29:15.399218
7735,1968-04-25,-53193600000,"{""miles_per_hour"": ""90780.0840338037"", ""kilometers_per_hour"": ""146098.7538654805"", ""kilometers_per_second"": ""40.5829871849""}","{""lunar"": ""35.5897789001"", ""miles"": ""8504567"", ""kilometers"": ""13686774"", ""astronomical"": ""0.0914904355""}",Merc,2001566,2017-07-29 19:29:15.405595,2017-07-29 19:29:15.405595
7736,1968-06-14,-48877200000,"{""miles_per_hour"": ""66223.4804953735"", ""kilometers_per_hour"": ""106578.0901172804"", ""kilometers_per_second"": ""29.6050250326""}","{""lunar"": ""16.5255851746"", ""miles"": ""3948969.5"", ""kilometers"": ""6355250"", ""astronomical"": ""0.042482224""}",Earth,2001566,2017-07-29 19:29:15.411996,2017-07-29 19:29:15.411996
7737,1972-09-04,84438000000,"{""miles_per_hour"": ""50165.7147694347"", ""kilometers_per_hour"": ""80735.201917817"", ""kilometers_per_second"": ""22.4264449772""}","{""lunar"": ""165.2561187744"", ""miles"": ""39489760"", ""kilometers"": ""63552604"", ""astronomical"": ""0.4248229375""}",Earth,2001566,2017-07-29 19:29:15.418333,2017-07-29 19:29:15.418333
7738,1977-05-11,232182000000,"{""miles_per_hour"": ""81924.494901458"", ""kilometers_per_hour"": ""131846.8334057172"", ""kilometers_per_second"": ""36.6241203905""}","{""lunar"": ""36.2826347351"", ""miles"": ""8670133"", ""kilometers"": ""13953226"", ""astronomical"": ""0.0932715556""}",Venus,2001566,2017-07-29 19:29:15.424982,2017-07-29 19:29:15.424982
7739,1977-06-08,234601200000,"{""miles_per_hour"": ""51805.7171007668"", ""kilometers_per_hour"": ""83374.5726508831"", ""kilometers_per_second"": ""23.1596035141""}","{""lunar"": ""92.8457717896"", ""miles"": ""22186514"", ""kilometers"": ""35705732"", ""astronomical"": ""0.2386780825""}",Earth,2001566,2017-07-29 19:29:15.431532,2017-07-29 19:29:15.431532
7740,1978-07-02,268210800000,"{""miles_per_hour"": ""93255.2991102717"", ""kilometers_per_hour"": ""150082.2910264108"", ""kilometers_per_second"": ""41.6895252851""}","{""lunar"": ""157.6832427979"", ""miles"": ""37680136"", ""kilometers"": ""60640300"", ""astronomical"": ""0.4053553562""}",Earth,2001566,2017-07-29 19:29:15.438385,2017-07-29 19:29:15.438385
7741,1981-08-26,367657200000,"{""miles_per_hour"": ""66938.2370349295"", ""kilometers_per_hour"": ""107728.3979282696"", ""kilometers_per_second"": ""29.9245549801""}","{""lunar"": ""145.1499481201"", ""miles"": ""34685172"", ""kilometers"": ""55820372"", ""astronomical"": ""0.3731361334""}",Earth,2001566,2017-07-29 19:29:15.448178,2017-07-29 19:29:15.448178
7742,1986-06-11,518857200000,"{""miles_per_hour"": ""45199.4570107897"", ""kilometers_per_hour"": ""72742.655120409"", ""kilometers_per_second"": ""20.206293089""}","{""lunar"": ""183.1097717285"", ""miles"": ""43756084"", ""kilometers"": ""70418592"", ""astronomical"": ""0.4707192117""}",Earth,2001566,2017-07-29 19:29:15.456509,2017-07-29 19:29:15.456509
7743,1986-06-18,519462000000,"{""miles_per_hour"": ""51166.2019644419"", ""kilometers_per_hour"": ""82345.3561053202"", ""kilometers_per_second"": ""22.8737100293""}","{""lunar"": ""24.3680076599"", ""miles"": ""5823002"", ""kilometers"": ""9371214"", ""astronomical"": ""0.0626426933""}",Mars,2001566,2017-07-29 19:29:15.465338,2017-07-29 19:29:15.465338
7744,1987-05-05,547196400000,"{""miles_per_hour"": ""95736.8818611103"", ""kilometers_per_hour"": ""154076.0761321459"", ""kilometers_per_second"": ""42.7989100367""}","{""lunar"": ""38.165309906"", ""miles"": ""9120019"", ""kilometers"": ""14677248"", ""astronomical"": ""0.0981113405""}",Merc,2001566,2017-07-29 19:29:15.474349,2017-07-29 19:29:15.474349
7745,1987-06-21,551257200000,"{""miles_per_hour"": ""75255.140634129"", ""kilometers_per_hour"": ""121113.3739920714"", ""kilometers_per_second"": ""33.6426038867""}","{""lunar"": ""62.5233917236"", ""miles"": ""14940649"", ""kilometers"": ""24044644"", ""astronomical"": ""0.1607285137""}",Earth,2001566,2017-07-29 19:29:15.483715,2017-07-29 19:29:15.483715
7746,1989-09-01,620636400000,"{""miles_per_hour"": ""86861.6020178988"", ""kilometers_per_hour"": ""139792.4660308622"", ""kilometers_per_second"": ""38.8312405641""}","{""lunar"": ""45.8662796021"", ""miles"": ""10960249"", ""kilometers"": ""17638812"", ""astronomical"": ""0.1179081696""}",Venus,2001566,2017-07-29 19:29:15.492899,2017-07-29 19:29:15.492899
7747,1990-08-15,650703600000,"{""miles_per_hour"": ""84935.403811278"", ""kilometers_per_hour"": ""136692.5002103808"", ""kilometers_per_second"": ""37.9701389473""}","{""lunar"": ""185.7702484131"", ""miles"": ""44391836"", ""kilometers"": ""71441736"", ""astronomical"": ""0.4775584922""}",Earth,2001566,2017-07-29 19:29:15.502478,2017-07-29 19:29:15.502478
7748,1996-06-11,834476400000,"{""miles_per_hour"": ""59190.5462752611"", ""kilometers_per_hour"": ""95259.4959948768"", ""kilometers_per_second"": ""26.4609711097""}","{""lunar"": ""39.3646774292"", ""miles"": ""9406621"", ""kilometers"": ""15138489"", ""astronomical"": ""0.1011945482""}",Earth,2001566,2017-07-29 19:29:15.511182,2017-07-29 19:29:15.511182
7749,2000-09-01,967791600000,"{""miles_per_hour"": ""57304.8135635625"", ""kilometers_per_hour"": ""92224.6541324266"", ""kilometers_per_second"": ""25.6179594812""}","{""lunar"": ""147.876159668"", ""miles"": ""35336628"", ""kilometers"": ""56868792"", ""astronomical"": ""0.3801443808""}",Earth,2001566,2017-07-29 19:29:15.520006,2017-07-29 19:29:15.520006
7750,2005-06-08,1118214000000,"{""miles_per_hour"": ""47701.0411579982"", ""kilometers_per_hour"": ""76768.6298756285"", ""kilometers_per_second"": ""21.3246194099""}","{""lunar"": ""134.910949707"", ""miles"": ""32238448"", ""kilometers"": ""51882752"", ""astronomical"": ""0.3468147707""}",Earth,2001566,2017-07-29 19:29:15.528066,2017-07-29 19:29:15.528066
7751,2006-06-27,1151391600000,"{""miles_per_hour"": ""85118.1643744943"", ""kilometers_per_hour"": ""136986.6295981847"", ""kilometers_per_second"": ""38.0518415551""}","{""lunar"": ""115.5261764526"", ""miles"": ""27606246"", ""kilometers"": ""44427944"", ""astronomical"": ""0.2969824655""}",Earth,2001566,2017-07-29 19:29:15.535969,2017-07-29 19:29:15.535969
7752,2009-08-21,1250838000000,"{""miles_per_hour"": ""74889.1132927348"", ""kilometers_per_hour"": ""120524.3005292348"", ""kilometers_per_second"": ""33.4789723692""}","{""lunar"": ""157.2310638428"", ""miles"": ""37572084"", ""kilometers"": ""60466412"", ""astronomical"": ""0.4041929961""}",Earth,2001566,2017-07-29 19:29:15.54457,2017-07-29 19:29:15.54457
7753,2015-06-16,1434438000000,"{""miles_per_hour"": ""67604.8945083863"", ""kilometers_per_hour"": ""108801.2965399394"", ""kilometers_per_second"": ""30.2225823722""}","{""lunar"": ""20.9422855377"", ""miles"": ""5004388"", ""kilometers"": ""8053782"", ""astronomical"": ""0.0538362061""}",Earth,2001566,2017-07-29 19:29:15.55327,2017-07-29 19:29:15.55327
7754,2019-09-06,1567753200000,"{""miles_per_hour"": ""48547.446938513"", ""kilometers_per_hour"": ""78130.8100400764"", ""kilometers_per_second"": ""21.7030027889""}","{""lunar"": ""170.7025756836"", ""miles"": ""40791248"", ""kilometers"": ""65647148"", ""astronomical"": ""0.4388240936""}",Earth,2001566,2017-07-29 19:29:15.55982,2017-07-29 19:29:15.55982
7755,2024-06-09,1717916400000,"{""miles_per_hour"": ""53402.8946570648"", ""kilometers_per_hour"": ""85945.0224710239"", ""kilometers_per_second"": ""23.8736173531""}","{""lunar"": ""80.0035858154"", ""miles"": ""19117734"", ""kilometers"": ""30767010"", ""astronomical"": ""0.2056647568""}",Earth,2001566,2017-07-29 19:29:15.56591,2017-07-29 19:29:15.56591
7756,2025-05-24,1748070000000,"{""miles_per_hour"": ""94559.0067790165"", ""kilometers_per_hour"": ""152180.4391812148"", ""kilometers_per_second"": ""42.272344217""}","{""lunar"": ""37.2844848633"", ""miles"": ""8909536"", ""kilometers"": ""14338508"", ""astronomical"": ""0.0958470025""}",Merc,2001566,2017-07-29 19:29:15.57215,2017-07-29 19:29:15.57215
7757,2025-07-03,1751526000000,"{""miles_per_hour"": ""95816.0495196273"", ""kilometers_per_hour"": ""154203.4861954751"", ""kilometers_per_second"": ""42.834301721""}","{""lunar"": ""170.2367248535"", ""miles"": ""40679928"", ""kilometers"": ""65468000"", ""astronomical"": ""0.4376265288""}",Earth,2001566,2017-07-29 19:29:15.578162,2017-07-29 19:29:15.578162
7758,2028-08-28,1851058800000,"{""miles_per_hour"": ""64231.4071354001"", ""kilometers_per_hour"": ""103372.1067939739"", ""kilometers_per_second"": ""28.7144741094""}","{""lunar"": ""143.3516540527"", ""miles"": ""34255448"", ""kilometers"": ""55128800"", ""astronomical"": ""0.3685132562""}",Earth,2001566,2017-07-29 19:29:15.584348,2017-07-29 19:29:15.584348
7759,2033-04-30,1998457200000,"{""miles_per_hour"": ""67188.0133713291"", ""kilometers_per_hour"": ""108130.3804983614"", ""kilometers_per_second"": ""30.0362168051""}","{""lunar"": ""53.7923774719"", ""miles"": ""12854277"", ""kilometers"": ""20686954"", ""astronomical"": ""0.1382837375""}",Venus,2001566,2017-07-29 19:29:15.590508,2017-07-29 19:29:15.590508
7760,2033-06-10,2001999600000,"{""miles_per_hour"": ""45634.650073877"", ""kilometers_per_hour"": ""73443.0418284042"", ""kilometers_per_second"": ""20.4008449523""}","{""lunar"": ""169.0758209229"", ""miles"": ""40402520"", ""kilometers"": ""65021552"", ""astronomical"": ""0.4346422137""}",Earth,2001566,2017-07-29 19:29:15.597011,2017-07-29 19:29:15.597011
7761,2034-06-22,2034572400000,"{""miles_per_hour"": ""78336.1823252734"", ""kilometers_per_hour"": ""126071.910398759"", ""kilometers_per_second"": ""35.0199751108""}","{""lunar"": ""78.8832244873"", ""miles"": ""18850010"", ""kilometers"": ""30336152"", ""astronomical"": ""0.2027846457""}",Earth,2001566,2017-07-29 19:29:15.603321,2017-07-29 19:29:15.603321
7762,2037-08-17,2134105200000,"{""miles_per_hour"": ""81639.0246446221"", ""kilometers_per_hour"": ""131387.4061069514"", ""kilometers_per_second"": ""36.4965016964""}","{""lunar"": ""175.0167388916"", ""miles"": ""41822168"", ""kilometers"": ""67306256"", ""astronomical"": ""0.449914522""}",Earth,2001566,2017-07-29 19:29:15.609658,2017-07-29 19:29:15.609658
7763,2043-06-13,2317791600000,"{""miles_per_hour"": ""61981.8787450462"", ""kilometers_per_hour"": ""99751.7830399956"", ""kilometers_per_second"": ""27.7088286222""}","{""lunar"": ""22.8064994812"", ""miles"": ""5449862.5"", ""kilometers"": ""8770704"", ""astronomical"": ""0.0586285321""}",Earth,2001566,2017-07-29 19:29:15.615792,2017-07-29 19:29:15.615792
7764,2044-06-04,2348636400000,"{""miles_per_hour"": ""89228.7774172196"", ""kilometers_per_hour"": ""143602.1273646522"", ""kilometers_per_second"": ""39.8894798235""}","{""lunar"": ""34.6259155273"", ""miles"": ""8274241.5"", ""kilometers"": ""13316101"", ""astronomical"": ""0.0890126372""}",Merc,2001566,2017-07-29 19:29:15.621814,2017-07-29 19:29:15.621814
7765,2045-08-21,2386911600000,"{""miles_per_hour"": ""72766.0042046797"", ""kilometers_per_hour"": ""117107.4322217563"", ""kilometers_per_second"": ""32.5298422838""}","{""lunar"": ""38.5081748962"", ""miles"": ""9201950"", ""kilometers"": ""14809103"", ""astronomical"": ""0.0989927378""}",Venus,2001566,2017-07-29 19:29:15.627833,2017-07-29 19:29:15.627833
7766,2047-09-04,2451193200000,"{""miles_per_hour"": ""54330.2822569131"", ""kilometers_per_hour"": ""87437.5323549944"", ""kilometers_per_second"": ""24.2882034319""}","{""lunar"": ""152.9901885986"", ""miles"": ""36558680"", ""kilometers"": ""58835492"", ""astronomical"": ""0.393290968""}",Earth,2001566,2017-07-29 19:29:15.634018,2017-07-29 19:29:15.634018
7767,2052-06-08,2601442800000,"{""miles_per_hour"": ""48989.9569911195"", ""kilometers_per_hour"": ""78842.972492302"", ""kilometers_per_second"": ""21.9008256923""}","{""lunar"": ""119.3152084351"", ""miles"": ""28511676"", ""kilometers"": ""45885096"", ""astronomical"": ""0.3067229198""}",Earth,2001566,2017-07-29 19:29:15.64008,2017-07-29 19:29:15.64008
7768,2053-06-29,2634793200000,"{""miles_per_hour"": ""88081.304532057"", ""kilometers_per_hour"": ""141755.4188007534"", ""kilometers_per_second"": ""39.3765052224""}","{""lunar"": ""130.9395141602"", ""miles"": ""31289430"", ""kilometers"": ""50355456"", ""astronomical"": ""0.3366054387""}",Earth,2001566,2017-07-29 19:29:15.646707,2017-07-29 19:29:15.646707
7769,2056-08-23,2734239600000,"{""miles_per_hour"": ""72044.7158911617"", ""kilometers_per_hour"": ""115946.6123689848"", ""kilometers_per_second"": ""32.2073923247""}","{""lunar"": ""151.1220245361"", ""miles"": ""36112264"", ""kilometers"": ""58117052"", ""astronomical"": ""0.3884885036""}",Earth,2001566,2017-07-29 19:29:15.653276,2017-07-29 19:29:15.653276
7770,2057-12-11,2775283200000,"{""miles_per_hour"": ""76393.9716046869"", ""kilometers_per_hour"": ""122946.1745169085"", ""kilometers_per_second"": ""34.1517151436""}","{""lunar"": ""32.9629707336"", ""miles"": ""7876862.5"", ""kilometers"": ""12676581"", ""astronomical"": ""0.0847377136""}",Venus,2001566,2017-07-29 19:29:15.659516,2017-07-29 19:29:15.659516
7771,2062-06-18,2917839600000,"{""miles_per_hour"": ""69958.8897543198"", ""kilometers_per_hour"": ""112589.7461288172"", ""kilometers_per_second"": ""31.2749294802""}","{""lunar"": ""32.4435386658"", ""miles"": ""7752738.5"", ""kilometers"": ""12476823"", ""astronomical"": ""0.0834024087""}",Earth,2001566,2017-07-29 19:29:15.666019,2017-07-29 19:29:15.666019
7772,2066-09-06,3050982000000,"{""miles_per_hour"": ""46963.1980159517"", ""kilometers_per_hour"": ""75581.1671766401"", ""kilometers_per_second"": ""20.9947686602""}","{""lunar"": ""177.2942352295"", ""miles"": ""42366400"", ""kilometers"": ""68182112"", ""astronomical"": ""0.4557692277""}",Earth,2001566,2017-07-29 19:29:15.673336,2017-07-29 19:29:15.673336
7773,2070-04-02,3163647600000,"{""miles_per_hour"": ""81053.9320251841"", ""kilometers_per_hour"": ""130445.7755334001"", ""kilometers_per_second"": ""36.2349376482""}","{""lunar"": ""33.6549568176"", ""miles"": ""8042220"", ""kilometers"": ""12942699"", ""astronomical"": ""0.0865165927""}",Venus,2001566,2017-07-29 19:29:15.680807,2017-07-29 19:29:15.680807
7774,2071-06-10,3201145200000,"{""miles_per_hour"": ""54694.1714008914"", ""kilometers_per_hour"": ""88023.1646668198"", ""kilometers_per_second"": ""24.4508790741""}","{""lunar"": ""69.8041229248"", ""miles"": ""16680459"", ""kilometers"": ""26844596"", ""astronomical"": ""0.1794450394""}",Earth,2001566,2017-07-29 19:29:15.687322,2017-07-29 19:29:15.687322
7775,2072-07-05,3234927600000,"{""miles_per_hour"": ""97633.7327408717"", ""kilometers_per_hour"": ""157128.8112419591"", ""kilometers_per_second"": ""43.6468920117""}","{""lunar"": ""179.2516937256"", ""miles"": ""42834156"", ""kilometers"": ""68934888"", ""astronomical"": ""0.460801267""}",Earth,2001566,2017-07-29 19:29:15.693588,2017-07-29 19:29:15.693588
7776,2074-11-13,3309321600000,"{""miles_per_hour"": ""53797.8318531489"", ""kilometers_per_hour"": ""86580.622589895"", ""kilometers_per_second"": ""24.0501729416""}","{""lunar"": ""23.5460243225"", ""miles"": ""5626580"", ""kilometers"": ""9055103"", ""astronomical"": ""0.0605296214""}",Mars,2001566,2017-07-29 19:29:15.699962,2017-07-29 19:29:15.699962
7777,2075-08-30,3334374000000,"{""miles_per_hour"": ""62644.2481269144"", ""kilometers_per_hour"": ""100817.7805252321"", ""kilometers_per_second"": ""28.0049390348""}","{""lunar"": ""142.9269561768"", ""miles"": ""34153960"", ""kilometers"": ""54965472"", ""astronomical"": ""0.3674214736""}",Earth,2001566,2017-07-29 19:29:15.706183,2017-07-29 19:29:15.706183
7778,2080-06-09,3485142000000,"{""miles_per_hour"": ""45893.2236097673"", ""kilometers_per_hour"": ""73859.1823484118"", ""kilometers_per_second"": ""20.5164395412""}","{""lunar"": ""162.8888397217"", ""miles"": ""38924072"", ""kilometers"": ""62642220"", ""astronomical"": ""0.4187373704""}",Earth,2001566,2017-07-29 19:29:15.71271,2017-07-29 19:29:15.71271
7779,2081-06-23,3517887600000,"{""miles_per_hour"": ""79611.3441655253"", ""kilometers_per_hour"": ""128124.1177504096"", ""kilometers_per_second"": ""35.5900327084""}","{""lunar"": ""85.7530288696"", ""miles"": ""20491626"", ""kilometers"": ""32978074"", ""astronomical"": ""0.2204448154""}",Earth,2001566,2017-07-29 19:29:15.719727,2017-07-29 19:29:15.719727
7780,2082-07-24,3552102000000,"{""miles_per_hour"": ""86383.8140743712"", ""kilometers_per_hour"": ""139023.5283954295"", ""kilometers_per_second"": ""38.6176467765""}","{""lunar"": ""43.4520454407"", ""miles"": ""10383342"", ""kilometers"": ""16710370"", ""astronomical"": ""0.1117019176""}",Venus,2001566,2017-07-29 19:29:15.726451,2017-07-29 19:29:15.726451
7781,2084-08-18,3617420400000,"{""miles_per_hour"": ""80344.539489454"", ""kilometers_per_hour"": ""129304.1003898405"", ""kilometers_per_second"": ""35.9178056638""}","{""lunar"": ""170.69921875"", ""miles"": ""40790448"", ""kilometers"": ""65645860"", ""astronomical"": ""0.4388154729""}",Earth,2001566,2017-07-29 19:29:15.732896,2017-07-29 19:29:15.732896
7782,2090-06-14,3801106800000,"{""miles_per_hour"": ""63012.9803066302"", ""kilometers_per_hour"": ""101411.207074017"", ""kilometers_per_second"": ""28.1697797428""}","{""lunar"": ""16.9356765747"", ""miles"": ""4046965.25"", ""kilometers"": ""6512959.5"", ""astronomical"": ""0.0435364421""}",Earth,2001566,2017-07-29 19:29:15.740374,2017-07-29 19:29:15.740374
7783,2094-09-04,3934422000000,"{""miles_per_hour"": ""53313.6104998033"", ""kilometers_per_hour"": ""85801.331216993"", ""kilometers_per_second"": ""23.8337031158""}","{""lunar"": ""155.1723022461"", ""miles"": ""37080120"", ""kilometers"": ""59674668"", ""astronomical"": ""0.3989005214""}",Earth,2001566,2017-07-29 19:29:15.746518,2017-07-29 19:29:15.746518
7784,2094-11-14,3940560000000,"{""miles_per_hour"": ""91643.847473803"", ""kilometers_per_hour"": ""147488.8689282895"", ""kilometers_per_second"": ""40.9691302579""}","{""lunar"": ""57.5748596191"", ""miles"": ""13758143"", ""kilometers"": ""22141584"", ""astronomical"": ""0.1480073428""}",Venus,2001566,2017-07-29 19:29:15.752863,2017-07-29 19:29:15.752863
7785,2099-06-09,4084671600000,"{""miles_per_hour"": ""49546.7512915269"", ""kilometers_per_hour"": ""79739.0605970302"", ""kilometers_per_second"": ""22.1497390547""}","{""lunar"": ""113.1916427612"", ""miles"": ""27048382"", ""kilometers"": ""43530152"", ""astronomical"": ""0.2909810705""}",Earth,2001566,2017-07-29 19:29:15.759631,2017-07-29 19:29:15.759631
7786,2100-06-30,4118022000000,"{""miles_per_hour"": ""89328.7203573978"", ""kilometers_per_hour"": ""143762.9725453226"", ""kilometers_per_second"": ""39.9341590404""}","{""lunar"": ""137.2177886963"", ""miles"": ""32789694"", ""kilometers"": ""52769896"", ""astronomical"": ""0.3527449789""}",Earth,2001566,2017-07-29 19:29:15.766156,2017-07-29 19:29:15.766156
7787,2103-08-26,4217554800000,"{""miles_per_hour"": ""70899.4395299685"", ""kilometers_per_hour"": ""114103.438825109"", ""kilometers_per_second"": ""31.6953996736""}","{""lunar"": ""148.7295532227"", ""miles"": ""35540552"", ""kilometers"": ""57196976"", ""astronomical"": ""0.3823381694""}",Earth,2001566,2017-07-29 19:29:15.772669,2017-07-29 19:29:15.772669
7788,2109-06-19,4401068400000,"{""miles_per_hour"": ""71109.5411831712"", ""kilometers_per_hour"": ""114441.5701459235"", ""kilometers_per_second"": ""31.7893250405""}","{""lunar"": ""38.4642524719"", ""miles"": ""9191454"", ""kilometers"": ""14792212"", ""astronomical"": ""0.0988798259""}",Earth,2001566,2017-07-29 19:29:15.778983,2017-07-29 19:29:15.778983
7789,2113-09-08,4534297200000,"{""miles_per_hour"": ""46065.5998060715"", ""kilometers_per_hour"": ""74136.5994464917"", ""kilometers_per_second"": ""20.5934998462""}","{""lunar"": ""181.6106872559"", ""miles"": ""43397864"", ""kilometers"": ""69842088"", ""astronomical"": ""0.4668655295""}",Earth,2001566,2017-07-29 19:29:15.798774,2017-07-29 19:29:15.798774
7790,2117-03-05,4644374400000,"{""miles_per_hour"": ""79362.6989439375"", ""kilometers_per_hour"": ""127723.9555626872"", ""kilometers_per_second"": ""35.4788765452""}","{""lunar"": ""37.3317146301"", ""miles"": ""8920822"", ""kilometers"": ""14356671"", ""astronomical"": ""0.0959684193""}",Merc,2001566,2017-07-29 19:29:15.80525,2017-07-29 19:29:15.80525
7791,2118-06-11,4684374000000,"{""miles_per_hour"": ""55586.0698476077"", ""kilometers_per_hour"": ""89458.5593684956"", ""kilometers_per_second"": ""24.8495998246""}","{""lunar"": ""63.0558052063"", ""miles"": ""15067875"", ""kilometers"": ""24249394"", ""astronomical"": ""0.1620971849""}",Earth,2001566,2017-07-29 19:29:15.813277,2017-07-29 19:29:15.813277
7792,2119-07-07,4718156400000,"{""miles_per_hour"": ""98948.0920780595"", ""kilometers_per_hour"": ""159244.1018735814"", ""kilometers_per_second"": ""44.2344727427""}","{""lunar"": ""185.3192749023"", ""miles"": ""44284072"", ""kilometers"": ""71268304"", ""astronomical"": ""0.4763991768""}",Earth,2001566,2017-07-29 19:29:15.819326,2017-07-29 19:29:15.819326
7793,2121-11-20,4793068800000,"{""miles_per_hour"": ""51027.5996963941"", ""kilometers_per_hour"": ""82122.2937578876"", ""kilometers_per_second"": ""22.8117482661""}","{""lunar"": ""27.8968582153"", ""miles"": ""6666259.5"", ""kilometers"": ""10728305"", ""astronomical"": ""0.071714288""}",Mars,2001566,2017-07-29 19:29:15.825546,2017-07-29 19:29:15.825546
7794,2122-09-01,4817689200000,"{""miles_per_hour"": ""61555.0909628386"", ""kilometers_per_hour"": ""99064.923539818"", ""kilometers_per_second"": ""27.5180343166""}","{""lunar"": ""142.8516540527"", ""miles"": ""34135968"", ""kilometers"": ""54936516"", ""astronomical"": ""0.3672279182""}",Earth,2001566,2017-07-29 19:29:15.831827,2017-07-29 19:29:15.831827
7795,2127-06-11,4968370800000,"{""miles_per_hour"": ""46140.6877890644"", ""kilometers_per_hour"": ""74257.4438019724"", ""kilometers_per_second"": ""20.6270677228""}","{""lunar"": ""158.4273223877"", ""miles"": ""37857944"", ""kilometers"": ""60926456"", ""astronomical"": ""0.4072681841""}",Earth,2001566,2017-07-29 19:29:15.837868,2017-07-29 19:29:15.837868
7796,2128-06-25,5001202800000,"{""miles_per_hour"": ""80489.602621752"", ""kilometers_per_hour"": ""129537.5606590849"", ""kilometers_per_second"": ""35.9826557386""}","{""lunar"": ""90.1103973389"", ""miles"": ""21532866"", ""kilometers"": ""34653788"", ""astronomical"": ""0.2316462742""}",Earth,2001566,2017-07-29 19:29:15.843948,2017-07-29 19:29:15.843948
7797,2131-08-21,5100735600000,"{""miles_per_hour"": ""79691.4875917144"", ""kilometers_per_hour"": ""128253.098185065"", ""kilometers_per_second"": ""35.625860607""}","{""lunar"": ""168.3233642578"", ""miles"": ""40222712"", ""kilometers"": ""64732176"", ""astronomical"": ""0.4327078687""}",Earth,2001566,2017-07-29 19:29:15.849971,2017-07-29 19:29:15.849971
7798,2136-03-13,5244678000000,"{""miles_per_hour"": ""79031.22659272"", ""kilometers_per_hour"": ""127190.4938682069"", ""kilometers_per_second"": ""35.3306927412""}","{""lunar"": ""34.3443527222"", ""miles"": ""8206959.5"", ""kilometers"": ""13207821"", ""astronomical"": ""0.0882888254""}",Merc,2001566,2017-07-29 19:29:15.855936,2017-07-29 19:29:15.855936
7799,2137-06-15,5284335600000,"{""miles_per_hour"": ""63229.0471629291"", ""kilometers_per_hour"": ""101758.938614397"", ""kilometers_per_second"": ""28.2663718373""}","{""lunar"": ""15.3886957169"", ""miles"": ""3677297.25"", ""kilometers"": ""5918036.5"", ""astronomical"": ""0.0395596271""}",Earth,2001566,2017-07-29 19:29:15.862054,2017-07-29 19:29:15.862054
7800,2138-07-13,5318290800000,"{""miles_per_hour"": ""66649.385216046"", ""kilometers_per_hour"": ""107263.5284446178"", ""kilometers_per_second"": ""29.7954245679""}","{""lunar"": ""54.7782058716"", ""miles"": ""13089852"", ""kilometers"": ""21066076"", ""astronomical"": ""0.1408180114""}",Venus,2001566,2017-07-29 19:29:15.868086,2017-07-29 19:29:15.868086
7801,2141-09-05,5417650800000,"{""miles_per_hour"": ""53448.284993936"", ""kilometers_per_hour"": ""86018.0723224862"", ""kilometers_per_second"": ""23.8939089785""}","{""lunar"": ""154.4051055908"", ""miles"": ""36896792"", ""kilometers"": ""59379632"", ""astronomical"": ""0.3969283154""}",Earth,2001566,2017-07-29 19:29:15.874501,2017-07-29 19:29:15.874501
7802,2146-06-10,5567900400000,"{""miles_per_hour"": ""49168.8576930792"", ""kilometers_per_hour"": ""79130.8899347692"", ""kilometers_per_second"": ""21.9808027597""}","{""lunar"": ""117.4058303833"", ""miles"": ""28055408"", ""kilometers"": ""45150800"", ""astronomical"": ""0.3018144627""}",Earth,2001566,2017-07-29 19:29:15.880671,2017-07-29 19:29:15.880671
7803,2147-07-01,5601250800000,"{""miles_per_hour"": ""88431.1130389686"", ""kilometers_per_hour"": ""142318.3901561478"", ""kilometers_per_second"": ""39.5328861545""}","{""lunar"": ""132.155090332"", ""miles"": ""31579906"", ""kilometers"": ""50822932"", ""astronomical"": ""0.3397303093""}",Earth,2001566,2017-07-29 19:29:15.886685,2017-07-29 19:29:15.886685
7804,2150-08-25,5700697200000,"{""miles_per_hour"": ""72104.1824607005"", ""kilometers_per_hour"": ""116042.3160885698"", ""kilometers_per_second"": ""32.2339766913""}","{""lunar"": ""150.3540802002"", ""miles"": ""35928752"", ""kilometers"": ""57821724"", ""astronomical"": ""0.3865143451""}",Earth,2001566,2017-07-29 19:29:15.892785,2017-07-29 19:29:15.892785
7805,2150-11-01,5706572400000,"{""miles_per_hour"": ""67708.4383386552"", ""kilometers_per_hour"": ""108967.9368854927"", ""kilometers_per_second"": ""30.2688713571""}","{""lunar"": ""51.2194252014"", ""miles"": ""12239443"", ""kilometers"": ""19697474"", ""astronomical"": ""0.1316694825""}",Venus,2001566,2017-07-29 19:29:15.898915,2017-07-29 19:29:15.898915
7806,2156-06-18,5884210800000,"{""miles_per_hour"": ""69219.3751038723"", ""kilometers_per_hour"": ""111399.5933541688"", ""kilometers_per_second"": ""30.9443314873""}","{""lunar"": ""27.3658256531"", ""miles"": ""6539363.5"", ""kilometers"": ""10524085"", ""astronomical"": ""0.0703491627""}",Earth,2001566,2017-07-29 19:29:15.905688,2017-07-29 19:29:15.905688
7807,2160-09-07,6017439600000,"{""miles_per_hour"": ""47809.1715464833"", ""kilometers_per_hour"": ""76942.6516908846"", ""kilometers_per_second"": ""21.372958803""}","{""lunar"": ""172.842010498"", ""miles"": ""41302488"", ""kilometers"": ""66469912"", ""astronomical"": ""0.4443239156""}",Earth,2001566,2017-07-29 19:29:15.912302,2017-07-29 19:29:15.912302
7808,2163-02-21,6094944000000,"{""miles_per_hour"": ""69389.7444268777"", ""kilometers_per_hour"": ""111673.7806503463"", ""kilometers_per_second"": ""31.0204946251""}","{""lunar"": ""45.897277832"", ""miles"": ""10967657"", ""kilometers"": ""17650734"", ""astronomical"": ""0.1179878651""}",Venus,2001566,2017-07-29 19:29:15.919369,2017-07-29 19:29:15.919369
7809,2163-04-10,6099087600000,"{""miles_per_hour"": ""54026.0710921156"", ""kilometers_per_hour"": ""86947.9439991131"", ""kilometers_per_second"": ""24.1522066664""}","{""lunar"": ""26.3642673492"", ""miles"": ""6300030.5"", ""kilometers"": ""10138916"", ""astronomical"": ""0.0677744665""}",Mars,2001566,2017-07-29 19:29:15.926129,2017-07-29 19:29:15.926129
7810,2165-06-11,6167602800000,"{""miles_per_hour"": ""53383.7409567254"", ""kilometers_per_hour"": ""85914.1970781937"", ""kilometers_per_second"": ""23.8650547439""}","{""lunar"": ""79.7670135498"", ""miles"": ""19061202"", ""kilometers"": ""30676030"", ""astronomical"": ""0.2050565984""}",Earth,2001566,2017-07-29 19:29:15.9327,2017-07-29 19:29:15.9327
7811,2166-07-05,6201212400000,"{""miles_per_hour"": ""95636.2354965288"", ""kilometers_per_hour"": ""153914.0988812659"", ""kilometers_per_second"": ""42.7539163559""}","{""lunar"": ""168.790512085"", ""miles"": ""40334344"", ""kilometers"": ""64911832"", ""astronomical"": ""0.4339087829""}",Earth,2001566,2017-07-29 19:29:15.9391,2017-07-29 19:29:15.9391
7812,2169-08-30,6300745200000,"{""miles_per_hour"": ""64990.013164253"", ""kilometers_per_hour"": ""104592.9846623947"", ""kilometers_per_second"": ""29.0536068507""}","{""lunar"": ""142.2807006836"", ""miles"": ""33999532"", ""kilometers"": ""54716940"", ""astronomical"": ""0.3657601401""}",Earth,2001566,2017-07-29 19:29:15.945446,2017-07-29 19:29:15.945446
7813,2170-11-17,6339110400000,"{""miles_per_hour"": ""79646.7020615161"", ""kilometers_per_hour"": ""128181.0216913844"", ""kilometers_per_second"": ""35.6058393587""}","{""lunar"": ""33.5601959229"", ""miles"": ""8019576.5"", ""kilometers"": ""12906257"", ""astronomical"": ""0.0862729974""}",Merc,2001566,2017-07-29 19:29:15.958822,2017-07-29 19:29:15.958822
7814,2174-06-12,6451686000000,"{""miles_per_hour"": ""45220.3771660447"", ""kilometers_per_hour"": ""72776.3233929818"", ""kilometers_per_second"": ""20.2156453869""}","{""lunar"": ""178.3680267334"", ""miles"": ""42622992"", ""kilometers"": ""68595056"", ""astronomical"": ""0.4585296295""}",Earth,2001566,2017-07-29 19:29:15.965296,2017-07-29 19:29:15.965296
7815,2175-06-12,6483222000000,"{""miles_per_hour"": ""71159.9391359711"", ""kilometers_per_hour"": ""114522.679104786"", ""kilometers_per_second"": ""31.8118553069""}","{""lunar"": ""40.7992591858"", ""miles"": ""9749429"", ""kilometers"": ""15690186"", ""astronomical"": ""0.1048824081""}",Venus,2001566,2017-07-29 19:29:15.972108,2017-07-29 19:29:15.972108
7816,2175-06-23,6484172400000,"{""miles_per_hour"": ""76345.9595463156"", ""kilometers_per_hour"": ""122868.905345226"", ""kilometers_per_second"": ""34.1302514848""}","{""lunar"": ""66.9795608521"", ""miles"": ""16005499"", ""kilometers"": ""25758354"", ""astronomical"": ""0.1721839668""}",Earth,2001566,2017-07-29 19:29:15.978629,2017-07-29 19:29:15.978629
7817,2178-08-17,6583618800000,"{""miles_per_hour"": ""84353.4881463346"", ""kilometers_per_hour"": ""135755.9825324353"", ""kilometers_per_second"": ""37.7099951479""}","{""lunar"": ""182.294418335"", ""miles"": ""43561248"", ""kilometers"": ""70105032"", ""astronomical"": ""0.4686232027""}",Earth,2001566,2017-07-29 19:29:15.985506,2017-07-29 19:29:15.985506
7818,2184-06-13,6767391600000,"{""miles_per_hour"": ""58729.2918078207"", ""kilometers_per_hour"": ""94517.1668416802"", ""kilometers_per_second"": ""26.2547685671""}","{""lunar"": ""41.6129264832"", ""miles"": ""9943864"", ""kilometers"": ""16003098"", ""astronomical"": ""0.1069741041""}",Earth,2001566,2017-07-29 19:29:15.991957,2017-07-29 19:29:15.991957
7819,2187-10-02,6871590000000,"{""miles_per_hour"": ""72381.9396856735"", ""kilometers_per_hour"": ""116489.3302643947"", ""kilometers_per_second"": ""32.3581472957""}","{""lunar"": ""37.6152038574"", ""miles"": ""8988565"", ""kilometers"": ""14465693"", ""astronomical"": ""0.0966971841""}",Venus,2001566,2017-07-29 19:29:15.998585,2017-07-29 19:29:15.998585
7820,2188-09-03,6900706800000,"{""miles_per_hour"": ""58449.6508592419"", ""kilometers_per_hour"": ""94067.1210573878"", ""kilometers_per_second"": ""26.1297558493""}","{""lunar"": ""144.7991027832"", ""miles"": ""34601332"", ""kilometers"": ""55685444"", ""astronomical"": ""0.372234204""}",Earth,2001566,2017-07-29 19:29:16.005474,2017-07-29 19:29:16.005474
7821,2193-06-10,7051129200000,"{""miles_per_hour"": ""46736.4727238675"", ""kilometers_per_hour"": ""75216.2822682833"", ""kilometers_per_second"": ""20.8934117412""}","{""lunar"": ""147.1852111816"", ""miles"": ""35171516"", ""kilometers"": ""56603068"", ""astronomical"": ""0.3783681316""}",Earth,2001566,2017-07-29 19:29:16.012976,2017-07-29 19:29:16.012976
7822,2194-06-27,7084134000000,"{""miles_per_hour"": ""82581.1201645885"", ""kilometers_per_hour"": ""132903.5864779465"", ""kilometers_per_second"": ""36.9176629105""}","{""lunar"": ""101.0494995117"", ""miles"": ""24146884"", ""kilometers"": ""38860644"", ""astronomical"": ""0.2597673414""}",Earth,2001566,2017-07-29 19:29:16.019244,2017-07-29 19:29:16.019244
7823,2197-08-22,7183666800000,"{""miles_per_hour"": ""78144.3379070988"", ""kilometers_per_hour"": ""125763.1617262979"", ""kilometers_per_second"": ""34.9342115906""}","{""lunar"": ""163.5582733154"", ""miles"": ""39084040"", ""kilometers"": ""62899664"", ""astronomical"": ""0.4204582969""}",Earth,2001566,2017-07-29 19:29:16.025843,2017-07-29 19:29:16.025843
7824,2200-01-21,7259875200000,"{""miles_per_hour"": ""72282.2106977886"", ""kilometers_per_hour"": ""116328.8294121503"", ""kilometers_per_second"": ""32.3135637256""}","{""lunar"": ""37.6670341492"", ""miles"": ""9000950"", ""kilometers"": ""14485625"", ""astronomical"": ""0.0968304206""}",Venus,2001566,2017-07-29 19:29:16.033129,2017-07-29 19:29:16.033129
7825,1910-02-25,-1888675200000,"{""miles_per_hour"": ""14101.1220254954"", ""kilometers_per_hour"": ""22693.9243112269"", ""kilometers_per_second"": ""6.3038678642""}","{""lunar"": ""760.9839477539"", ""miles"": ""181845440"", ""kilometers"": ""292651872"", ""astronomical"": ""1.9562568388""}",Juptr,2001036,2017-07-29 19:29:16.055797,2017-07-29 19:29:16.055797
7826,1911-10-15,-1837094400000,"{""miles_per_hour"": ""38236.8795680312"", ""kilometers_per_hour"": ""61537.2910925443"", ""kilometers_per_second"": ""17.0936919702""}","{""lunar"": ""148.3500213623"", ""miles"": ""35449860"", ""kilometers"": ""57051024"", ""astronomical"": ""0.381362526""}",Earth,2001036,2017-07-29 19:29:16.063888,2017-07-29 19:29:16.063888
7827,1924-10-17,-1426608000000,"{""miles_per_hour"": ""43312.781511452"", ""kilometers_per_hour"": ""69706.295963712"", ""kilometers_per_second"": ""19.3628599899""}","{""lunar"": ""193.0506744385"", ""miles"": ""46131572"", ""kilometers"": ""74241568"", ""astronomical"": ""0.4962742291""}",Earth,2001036,2017-07-29 19:29:16.070273,2017-07-29 19:29:16.070273
7828,1998-10-14,908348400000,"{""miles_per_hour"": ""30511.2714856987"", ""kilometers_per_hour"": ""49103.928360014"", ""kilometers_per_second"": ""13.6399801""}","{""lunar"": ""180.5982971191"", ""miles"": ""43155940"", ""kilometers"": ""69452752"", ""astronomical"": ""0.4642630004""}",Earth,2001036,2017-07-29 19:29:16.076802,2017-07-29 19:29:16.076802
7829,2011-10-13,1318489200000,"{""miles_per_hour"": ""31998.1939724491"", ""kilometers_per_hour"": ""51496.9369667024"", ""kilometers_per_second"": ""14.304704713""}","{""lunar"": ""139.6915740967"", ""miles"": ""33380830"", ""kilometers"": ""53721240"", ""astronomical"": ""0.359104304""}",Earth,2001036,2017-07-29 19:29:16.084703,2017-07-29 19:29:16.084703
7830,2024-10-13,1728802800000,"{""miles_per_hour"": ""36538.3668800985"", ""kilometers_per_hour"": ""58803.7555404151"", ""kilometers_per_second"": ""16.334376539""}","{""lunar"": ""145.5238037109"", ""miles"": ""34774508"", ""kilometers"": ""55964144"", ""astronomical"": ""0.3740971874""}",Earth,2001036,2017-07-29 19:29:16.092469,2017-07-29 19:29:16.092469
7831,2037-10-15,2139202800000,"{""miles_per_hour"": ""41787.6553372943"", ""kilometers_per_hour"": ""67251.8034844024"", ""kilometers_per_second"": ""18.6810565234""}","{""lunar"": ""181.3470153809"", ""miles"": ""43334852"", ""kilometers"": ""69740688"", ""astronomical"": ""0.4661876996""}",Earth,2001036,2017-07-29 19:29:16.098548,2017-07-29 19:29:16.098548
7832,2040-06-30,2224652400000,"{""miles_per_hour"": ""14926.5484000654"", ""kilometers_per_hour"": ""24022.3408468128"", ""kilometers_per_second"": ""6.6728724574""}","{""lunar"": ""761.5157470703"", ""miles"": ""181972528"", ""kilometers"": ""292856384"", ""astronomical"": ""1.9576240725""}",Juptr,2001036,2017-07-29 19:29:16.104942,2017-07-29 19:29:16.104942
7833,2050-12-07,2554012800000,"{""miles_per_hour"": ""33509.4386441269"", ""kilometers_per_hour"": ""53929.0889708332"", ""kilometers_per_second"": ""14.9803024919""}","{""lunar"": ""37.2111206055"", ""miles"": ""8892004"", ""kilometers"": ""14310294"", ""astronomical"": ""0.0956584097""}",Mars,2001036,2017-07-29 19:29:16.111079,2017-07-29 19:29:16.111079
7834,2088-05-12,3735183600000,"{""miles_per_hour"": ""13914.3999730471"", ""kilometers_per_hour"": ""22393.4194210602"", ""kilometers_per_second"": ""6.2203942836""}","{""lunar"": ""762.3508300781"", ""miles"": ""182172080"", ""kilometers"": ""293177536"", ""astronomical"": ""1.9597707819""}",Juptr,2001036,2017-07-29 19:29:16.117477,2017-07-29 19:29:16.117477
7835,2124-10-12,4884390000000,"{""miles_per_hour"": ""32371.6151740802"", ""kilometers_per_hour"": ""52097.9098872049"", ""kilometers_per_second"": ""14.4716416353""}","{""lunar"": ""146.399230957"", ""miles"": ""34983700"", ""kilometers"": ""56300804"", ""astronomical"": ""0.3763476221""}",Earth,2001036,2017-07-29 19:29:16.123434,2017-07-29 19:29:16.123434
7836,2137-10-12,5294617200000,"{""miles_per_hour"": ""33592.0027879468"", ""kilometers_per_hour"": ""54061.9652360894"", ""kilometers_per_second"": ""15.0172125656""}","{""lunar"": ""139.7121887207"", ""miles"": ""33385756"", ""kilometers"": ""53729168"", ""astronomical"": ""0.3591572954""}",Earth,2001036,2017-07-29 19:29:16.129834,2017-07-29 19:29:16.129834
7837,2150-10-13,5704930800000,"{""miles_per_hour"": ""37815.8576517689"", ""kilometers_per_hour"": ""60859.7110046797"", ""kilometers_per_second"": ""16.9054752791""}","{""lunar"": ""160.5010375977"", ""miles"": ""38353480"", ""kilometers"": ""61723940"", ""astronomical"": ""0.4125990581""}",Earth,2001036,2017-07-29 19:29:16.136036,2017-07-29 19:29:16.136036
7838,2176-12-16,6531004800000,"{""miles_per_hour"": ""35230.8775388951"", ""kilometers_per_hour"": ""56699.5212749887"", ""kilometers_per_second"": ""15.7498670208""}","{""lunar"": ""11.1579971313"", ""miles"": ""2666325.75"", ""kilometers"": ""4291035"", ""astronomical"": ""0.0286837993""}",Mars,2001036,2017-07-29 19:29:16.142479,2017-07-29 19:29:16.142479
7839,1909-08-21,-1904918400000,"{""miles_per_hour"": ""7708.4212342052"", ""kilometers_per_hour"": ""12405.7027328619"", ""kilometers_per_second"": ""3.4460285369""}","{""lunar"": ""664.7133789062"", ""miles"": ""158840528"", ""kilometers"": ""255629056"", ""astronomical"": ""1.7087746799""}",Juptr,2000719,2017-07-29 19:29:16.16412,2017-07-29 19:29:16.16412
7840,1911-09-08,-1840291200000,"{""miles_per_hour"": ""16071.7817831362"", ""kilometers_per_hour"": ""25865.4452229828"", ""kilometers_per_second"": ""7.1848458953""}","{""lunar"": ""79.9323348999"", ""miles"": ""19100708"", ""kilometers"": ""30739608"", ""astronomical"": ""0.2054815894""}",Earth,2000719,2017-07-29 19:29:16.170536,2017-07-29 19:29:16.170536
7841,1941-09-08,-893520000000,"{""miles_per_hour"": ""16350.8597383878"", ""kilometers_per_hour"": ""26314.584942642"", ""kilometers_per_second"": ""7.3096069285""}","{""lunar"": ""80.0049972534"", ""miles"": ""19118070"", ""kilometers"": ""30767552"", ""astronomical"": ""0.2056683773""}",Earth,2000719,2017-07-29 19:29:16.177314,2017-07-29 19:29:16.177314
7842,1956-09-12,-419792400000,"{""miles_per_hour"": ""7300.0336525629"", ""kilometers_per_hour"": ""11748.4559654998"", ""kilometers_per_second"": ""3.2634599904""}","{""lunar"": ""551.2635498047"", ""miles"": ""131730464"", ""kilometers"": ""211999632"", ""astronomical"": ""1.4171299815""}",Juptr,2000719,2017-07-29 19:29:16.18345,2017-07-29 19:29:16.18345
7843,1971-09-06,52988400000,"{""miles_per_hour"": ""17147.1010359097"", ""kilometers_per_hour"": ""27596.0318875564"", ""kilometers_per_second"": ""7.6655644132""}","{""lunar"": ""122.4378738403"", ""miles"": ""29257870"", ""kilometers"": ""47085976"", ""astronomical"": ""0.3147503169""}",Earth,2000719,2017-07-29 19:29:16.189542,2017-07-29 19:29:16.189542
7844,2001-09-05,999673200000,"{""miles_per_hour"": ""17119.4894065662"", ""kilometers_per_hour"": ""27551.594556591"", ""kilometers_per_second"": ""7.6532207102""}","{""lunar"": ""110.7284927368"", ""miles"": ""26459784"", ""kilometers"": ""42582896"", ""astronomical"": ""0.2846490712""}",Earth,2000719,2017-07-29 19:29:16.195611,2017-07-29 19:29:16.195611
7845,2003-10-26,1067151600000,"{""miles_per_hour"": ""8330.5006308673"", ""kilometers_per_hour"": ""13406.8587201584"", ""kilometers_per_second"": ""3.7241274223""}","{""lunar"": ""578.2869262695"", ""miles"": ""138187984"", ""kilometers"": ""222392000"", ""astronomical"": ""1.4865987034""}",Juptr,2000719,2017-07-29 19:29:16.201894,2017-07-29 19:29:16.201894
7846,2048-09-19,2484111600000,"{""miles_per_hour"": ""29167.9582477703"", ""kilometers_per_hour"": ""46942.0401859596"", ""kilometers_per_second"": ""13.0394556072""}","{""lunar"": ""165.583114624"", ""miles"": ""39567896"", ""kilometers"": ""63678360"", ""astronomical"": ""0.4256635431""}",Earth,2000719,2017-07-29 19:29:16.208133,2017-07-29 19:29:16.208133
7847,2050-11-15,2552112000000,"{""miles_per_hour"": ""11195.3287954665"", ""kilometers_per_hour"": ""18017.4275397556"", ""kilometers_per_second"": ""5.0048409833""}","{""lunar"": ""762.1124267578"", ""miles"": ""182115104"", ""kilometers"": ""293085856"", ""astronomical"": ""1.9591579335""}",Juptr,2000719,2017-07-29 19:29:16.214425,2017-07-29 19:29:16.214425
7848,2063-10-10,2959225200000,"{""miles_per_hour"": ""7642.0210034892"", ""kilometers_per_hour"": ""12298.8401862225"", ""kilometers_per_second"": ""3.4163444962""}","{""lunar"": ""608.3284912109"", ""miles"": ""145366752"", ""kilometers"": ""233945104"", ""astronomical"": ""1.5638264767""}",Juptr,2000719,2017-07-29 19:29:16.22077,2017-07-29 19:29:16.22077
7849,2078-09-10,3430018800000,"{""miles_per_hour"": ""16826.5337859621"", ""kilometers_per_hour"": ""27080.1205371109"", ""kilometers_per_second"": ""7.5222557048""}","{""lunar"": ""83.035774231"", ""miles"": ""19842306"", ""kilometers"": ""31933096"", ""astronomical"": ""0.2134595618""}",Earth,2000719,2017-07-29 19:29:16.226978,2017-07-29 19:29:16.226978
7850,2108-09-07,4376444400000,"{""miles_per_hour"": ""17489.6174719803"", ""kilometers_per_hour"": ""28147.2676020963"", ""kilometers_per_second"": ""7.818685445""}","{""lunar"": ""99.9189147949"", ""miles"": ""23876720"", ""kilometers"": ""38425856"", ""astronomical"": ""0.2568609649""}",Earth,2000719,2017-07-29 19:29:16.233044,2017-07-29 19:29:16.233044
7851,2110-11-08,4444876800000,"{""miles_per_hour"": ""7755.3333763616"", ""kilometers_per_hour"": ""12481.2017322642"", ""kilometers_per_second"": ""3.4670004812""}","{""lunar"": ""540.6924438477"", ""miles"": ""129204376"", ""kilometers"": ""207934288"", ""astronomical"": ""1.3899547615""}",Juptr,2000719,2017-07-29 19:29:16.239162,2017-07-29 19:29:16.239162
7852,2138-09-08,5323215600000,"{""miles_per_hour"": ""19251.2232932975"", ""kilometers_per_hour"": ""30982.3433572671"", ""kilometers_per_second"": ""8.6062064881""}","{""lunar"": ""143.0591278076"", ""miles"": ""34185544"", ""kilometers"": ""55016300"", ""astronomical"": ""0.3677612478""}",Earth,2000719,2017-07-29 19:29:16.245447,2017-07-29 19:29:16.245447
7853,2157-12-03,5930265600000,"{""miles_per_hour"": ""9497.4940260733"", ""kilometers_per_hour"": ""15284.9830094612"", ""kilometers_per_second"": ""4.2458286137""}","{""lunar"": ""639.6818237305"", ""miles"": ""152858976"", ""kilometers"": ""246002688"", ""astronomical"": ""1.644426387""}",Juptr,2000719,2017-07-29 19:29:16.251621,2017-07-29 19:29:16.251621
7854,2170-11-10,6338505600000,"{""miles_per_hour"": ""8394.6308210122"", ""kilometers_per_hour"": ""13510.0679313532"", ""kilometers_per_second"": ""3.7527966476""}","{""lunar"": ""709.0861816406"", ""miles"": ""169443904"", ""kilometers"": ""272693536"", ""astronomical"": ""1.8228436916""}",Juptr,2000719,2017-07-29 19:29:16.257694,2017-07-29 19:29:16.257694
7855,2185-09-13,6806876400000,"{""miles_per_hour"": ""18605.165891539"", ""kilometers_per_hour"": ""29942.597885261"", ""kilometers_per_second"": ""8.3173883015""}","{""lunar"": ""85.6080932617"", ""miles"": ""20456992"", ""kilometers"": ""32922336"", ""astronomical"": ""0.2200722198""}",Earth,2000719,2017-07-29 19:29:16.264185,2017-07-29 19:29:16.264185
7856,1910-01-04,-1893168000000,"{""miles_per_hour"": ""15221.6421246628"", ""kilometers_per_hour"": ""24497.2558669524"", ""kilometers_per_second"": ""6.8047932964""}","{""lunar"": ""124.6911087036"", ""miles"": ""29796306"", ""kilometers"": ""47952504"", ""astronomical"": ""0.3205426867""}",Earth,2000887,2017-07-29 19:29:16.284839,2017-07-29 19:29:16.284839
7857,1914-01-02,-1767110400000,"{""miles_per_hour"": ""13659.9167204875"", ""kilometers_per_hour"": ""21983.8616807881"", ""kilometers_per_second"": ""6.1066282447""}","{""lunar"": ""82.2018051147"", ""miles"": ""19643020"", ""kilometers"": ""31612378"", ""astronomical"": ""0.2113156989""}",Earth,2000887,2017-07-29 19:29:16.291421,2017-07-29 19:29:16.291421
7858,1918-01-03,-1640793600000,"{""miles_per_hour"": ""14570.2193339468"", ""kilometers_per_hour"": ""23448.8754983273"", ""kilometers_per_second"": ""6.5135765273""}","{""lunar"": ""84.1179351807"", ""miles"": ""20100902"", ""kilometers"": ""32349266"", ""astronomical"": ""0.21624148""}",Earth,2000887,2017-07-29 19:29:16.298929,2017-07-29 19:29:16.298929
7859,1922-01-03,-1514563200000,"{""miles_per_hour"": ""18236.1325146232"", ""kilometers_per_hour"": ""29348.6865987052"", ""kilometers_per_second"": ""8.1524129441""}","{""lunar"": ""126.3683013916"", ""miles"": ""30197090"", ""kilometers"": ""48597504"", ""astronomical"": ""0.3248542655""}",Earth,2000887,2017-07-29 19:29:16.304986,2017-07-29 19:29:16.304986
7860,1926-01-06,-1388073600000,"{""miles_per_hour"": ""23943.4841965332"", ""kilometers_per_hour"": ""38533.9278052303"", ""kilometers_per_second"": ""10.7038688348""}","{""lunar"": ""172.5364990234"", ""miles"": ""41229484"", ""kilometers"": ""66352424"", ""astronomical"": ""0.4435385535""}",Earth,2000887,2017-07-29 19:29:16.311331,2017-07-29 19:29:16.311331
7861,1966-01-20,-124560000000,"{""miles_per_hour"": ""28686.2355198837"", ""kilometers_per_hour"": ""46166.7700261886"", ""kilometers_per_second"": ""12.8241027851""}","{""lunar"": ""147.5484466553"", ""miles"": ""35258316"", ""kilometers"": ""56742756"", ""astronomical"": ""0.3793019188""}",Earth,2000887,2017-07-29 19:29:16.317553,2017-07-29 19:29:16.317553
7862,1970-01-11,892800000,"{""miles_per_hour"": ""19777.3749802126"", ""kilometers_per_hour"": ""31829.1161557358"", ""kilometers_per_second"": ""8.8414211544""}","{""lunar"": ""88.9242248535"", ""miles"": ""21249416"", ""kilometers"": ""34197620"", ""astronomical"": ""0.2285969772""}",Earth,2000887,2017-07-29 19:29:16.325825,2017-07-29 19:29:16.325825
7863,1974-01-04,126518400000,"{""miles_per_hour"": ""15872.9884714767"", ""kilometers_per_hour"": ""25545.5132090465"", ""kilometers_per_second"": ""7.0959758914""}","{""lunar"": ""53.206867218"", ""miles"": ""12714363"", ""kilometers"": ""20461784"", ""astronomical"": ""0.136778571""}",Earth,2000887,2017-07-29 19:29:16.332293,2017-07-29 19:29:16.332293
7864,1977-12-15,251020800000,"{""miles_per_hour"": ""26087.182074075"", ""kilometers_per_hour"": ""41983.9310951183"", ""kilometers_per_second"": ""11.662203082""}","{""lunar"": ""131.4686737061"", ""miles"": ""31415880"", ""kilometers"": ""50558960"", ""astronomical"": ""0.3379657675""}",Earth,2000887,2017-07-29 19:29:16.338397,2017-07-29 19:29:16.338397
7865,2025-01-08,1736323200000,"{""miles_per_hour"": ""18451.5304299507"", ""kilometers_per_hour"": ""29695.3415654802"", ""kilometers_per_second"": ""8.2487059904""}","{""lunar"": ""31.9748859406"", ""miles"": ""7640749"", ""kilometers"": ""12296594"", ""astronomical"": ""0.0821976505""}",Earth,2000887,2017-07-29 19:29:16.344522,2017-07-29 19:29:16.344522
7866,2056-02-05,2716963200000,"{""miles_per_hour"": ""32783.7934455043"", ""kilometers_per_hour"": ""52761.2572773997"", ""kilometers_per_second"": ""14.6559047993""}","{""lunar"": ""109.5991363525"", ""miles"": ""26189914"", ""kilometers"": ""42148580"", ""astronomical"": ""0.2817458531""}",Earth,2000887,2017-07-29 19:29:16.350904,2017-07-29 19:29:16.350904
7867,2087-01-25,3694320000000,"{""miles_per_hour"": ""25207.6424612324"", ""kilometers_per_hour"": ""40568.4263312784"", ""kilometers_per_second"": ""11.2690073142""}","{""lunar"": ""64.7011489868"", ""miles"": ""15461048"", ""kilometers"": ""24882146"", ""astronomical"": ""0.1663268697""}",Earth,2000887,2017-07-29 19:29:16.357294,2017-07-29 19:29:16.357294
7868,2122-01-30,4799203200000,"{""miles_per_hour"": ""29130.0699445276"", ""kilometers_per_hour"": ""46881.0638831862"", ""kilometers_per_second"": ""13.0225177453""}","{""lunar"": ""100.5185699463"", ""miles"": ""24020012"", ""kilometers"": ""38656464"", ""astronomical"": ""0.2584024873""}",Earth,2000887,2017-07-29 19:29:16.363499,2017-07-29 19:29:16.363499
7869,2125-12-01,4920249600000,"{""miles_per_hour"": ""34231.357667865"", ""kilometers_per_hour"": ""55090.9238697814"", ""kilometers_per_second"": ""15.3030344083""}","{""lunar"": ""141.8563690186"", ""miles"": ""33898132"", ""kilometers"": ""54553756"", ""astronomical"": ""0.3646693197""}",Earth,2000887,2017-07-29 19:29:16.369765,2017-07-29 19:29:16.369765
7870,1900-03-08,-2203257600000,"{""miles_per_hour"": ""29682.2172800871"", ""kilometers_per_hour"": ""47769.6733015842"", ""kilometers_per_second"": ""13.2693536949""}","{""lunar"": ""110.8836898804"", ""miles"": ""26496870"", ""kilometers"": ""42642580"", ""astronomical"": ""0.2850480269""}",Earth,2001221,2017-07-29 19:29:16.390356,2017-07-29 19:29:16.390356
7871,1908-03-14,-1950278400000,"{""miles_per_hour"": ""24091.6992376406"", ""kilometers_per_hour"": ""38772.4606623032"", ""kilometers_per_second"": ""10.7701279618""}","{""lunar"": ""71.5411148071"", ""miles"": ""17095532"", ""kilometers"": ""27512594"", ""astronomical"": ""0.183910332""}",Earth,2001221,2017-07-29 19:29:16.396786,2017-07-29 19:29:16.396786
7872,1916-03-17,-1697558400000,"{""miles_per_hour"": ""21379.1845443901"", ""kilometers_per_hour"": ""34407.020590909"", ""kilometers_per_second"": ""9.5575057197""}","{""lunar"": ""52.6819534302"", ""miles"": ""12588930"", ""kilometers"": ""20259918"", ""astronomical"": ""0.1354291813""}",Earth,2001221,2017-07-29 19:29:16.403263,2017-07-29 19:29:16.403263
7873,1924-03-20,-1444838400000,"{""miles_per_hour"": ""19809.1381857571"", ""kilometers_per_hour"": ""31880.2349093503"", ""kilometers_per_second"": ""8.8556208082""}","{""lunar"": ""45.2111167908"", ""miles"": ""10803691"", ""kilometers"": ""17386856"", ""astronomical"": ""0.116223943""}",Earth,2001221,2017-07-29 19:29:16.409542,2017-07-29 19:29:16.409542
7874,1932-03-22,-1192204800000,"{""miles_per_hour"": ""18778.6179713589"", ""kilometers_per_hour"": ""30221.7464781135"", ""kilometers_per_second"": ""8.3949295773""}","{""lunar"": ""41.9453277588"", ""miles"": ""10023296"", ""kilometers"": ""16130931"", ""astronomical"": ""0.1078286105""}",Earth,2001221,2017-07-29 19:29:16.415788,2017-07-29 19:29:16.415788
7875,1940-03-22,-939744000000,"{""miles_per_hour"": ""18719.3269499286"", ""kilometers_per_hour"": ""30126.3252804072"", ""kilometers_per_second"": ""8.368423689""}","{""lunar"": ""40.9527931213"", ""miles"": ""9786118"", ""kilometers"": ""15749231"", ""astronomical"": ""0.1052771094""}",Earth,2001221,2017-07-29 19:29:16.421958,2017-07-29 19:29:16.421958
